survived,pclass,sex,age,sibsp,parch,fare,class,who,adult_male,deck,embark_town,alive,alone,fare_log,embarked_Q,embarked_S
0,3,0,22.0,1,0,7.25,Third,man,True,Unknown,Southampton,no,False,2.1102132003465894,False,True
1,1,1,38.0,1,0,71.2833,First,woman,False,C,Cherbourg,yes,False,4.2805931204649,False,False
1,3,1,26.0,0,0,7.925,Third,woman,False,Unknown,Southampton,yes,True,2.188856327665703,False,True
1,1,1,35.0,1,0,53.1,First,woman,False,C,Southampton,yes,False,3.9908341858524357,False,True
0,3,0,35.0,0,0,8.05,Third,man,True,Unknown,Southampton,no,True,2.2027647577118348,False,True
0,3,0,28.0,0,0,8.4583,Third,man,True,Unknown,Queenstown,no,True,2.246892662898172,True,False
0,1,0,54.0,0,0,51.8625,First,man,True,E,Southampton,no,True,3.967694202798607,False,True
0,3,0,2.0,3,1,21.075,Third,child,False,Unknown,Southampton,no,False,3.0944457464900235,False,True
1,3,1,27.0,0,2,11.1333,Third,woman,False,Unknown,Southampton,yes,False,2.495953738718064,False,True
1,2,1,14.0,1,0,30.0708,Second,child,False,Unknown,Cherbourg,yes,False,3.436268471383741,False,False
1,3,1,4.0,1,1,16.7,Third,child,False,G,Southampton,yes,False,2.8735646395797834,False,True
1,1,1,58.0,0,0,26.55,First,woman,False,C,Southampton,yes,True,3.3160025355989236,False,True
0,3,0,20.0,0,0,8.05,Third,man,True,Unknown,Southampton,no,True,2.2027647577118348,False,True
0,3,0,39.0,1,5,31.275,Third,man,True,Unknown,Southampton,no,False,3.4742929367327062,False,True
0,3,1,14.0,0,0,7.8542,Third,child,False,Unknown,Southampton,no,True,2.180891922715322,False,True
1,2,1,55.0,0,0,16.0,Second,woman,False,Unknown,Southampton,yes,True,2.833213344056216,False,True
0,3,0,2.0,4,1,29.125,Third,child,False,Unknown,Queenstown,no,False,3.405355391810819,True,False
1,2,0,28.0,0,0,13.0,Second,man,True,Unknown,Southampton,yes,True,2.6390573296152584,False,True
0,3,1,31.0,1,0,18.0,Third,woman,False,Unknown,Southampton,no,False,2.9444389791664403,False,True
1,3,1,28.0,0,0,7.225,Third,woman,False,Unknown,Cherbourg,yes,True,2.1071782966514356,False,False
0,2,0,35.0,0,0,26.0,Second,man,True,Unknown,Southampton,no,True,3.295836866004329,False,True
1,2,0,34.0,0,0,13.0,Second,man,True,D,Southampton,yes,True,2.6390573296152584,False,True
1,3,1,15.0,0,0,8.0292,Third,child,False,Unknown,Queenstown,yes,True,2.2004637699272855,True,False
1,1,0,28.0,0,0,35.5,First,man,True,A,Southampton,yes,True,3.597312260588446,False,True
0,3,1,8.0,3,1,21.075,Third,child,False,Unknown,Southampton,no,False,3.0944457464900235,False,True
1,3,1,38.0,1,5,31.3875,Third,woman,False,Unknown,Southampton,yes,False,3.4777725458882283,False,True
0,3,0,28.0,0,0,7.225,Third,man,True,Unknown,Cherbourg,no,True,2.1071782966514356,False,False
0,1,0,19.0,3,2,263.0,First,man,True,C,Southampton,no,False,5.575949103146316,False,True
1,3,1,28.0,0,0,7.8792,Third,woman,False,Unknown,Queenstown,yes,True,2.1837114628556327,True,False
0,3,0,28.0,0,0,7.8958,Third,man,True,Unknown,Southampton,no,True,2.1855792552411137,False,True
0,1,0,40.0,0,0,27.7208,First,man,True,Unknown,Cherbourg,no,True,3.357621598945279,False,False
1,1,1,28.0,1,0,146.5208,First,woman,False,B,Cherbourg,yes,False,4.993969182787072,False,False
1,3,1,28.0,0,0,7.75,Third,woman,False,Unknown,Queenstown,yes,True,2.169053700369523,True,False
0,2,0,66.0,0,0,10.5,Second,man,True,Unknown,Southampton,no,True,2.4423470353692043,False,True
0,1,0,28.0,1,0,82.1708,First,man,True,Unknown,Cherbourg,no,False,4.420896324687287,False,False
0,1,0,42.0,1,0,52.0,First,man,True,Unknown,Southampton,no,False,3.970291913552122,False,True
1,3,0,28.0,0,0,7.2292,Third,man,True,Unknown,Cherbourg,yes,True,2.1076888046179385,False,False
0,3,0,21.0,0,0,8.05,Third,man,True,Unknown,Southampton,no,True,2.2027647577118348,False,True
0,3,1,18.0,2,0,18.0,Third,woman,False,Unknown,Southampton,no,False,2.9444389791664403,False,True
1,3,1,14.0,1,0,11.2417,Third,child,False,Unknown,Cherbourg,yes,False,2.5048481563289,False,False
0,3,1,40.0,1,0,9.475,Third,woman,False,Unknown,Southampton,no,False,2.348991465808201,False,True
0,2,1,27.0,1,0,21.0,Second,woman,False,Unknown,Southampton,no,False,3.091042453358316,False,True
0,3,0,28.0,0,0,7.8958,Third,man,True,Unknown,Cherbourg,no,True,2.1855792552411137,False,False
1,2,1,3.0,1,2,41.5792,Second,child,False,Unknown,Cherbourg,yes,False,3.7513658711253766,False,False
1,3,1,19.0,0,0,7.8792,Third,woman,False,Unknown,Queenstown,yes,True,2.1837114628556327,True,False
0,3,0,28.0,0,0,8.05,Third,man,True,Unknown,Southampton,no,True,2.2027647577118348,False,True
0,3,0,28.0,1,0,15.5,Third,man,True,Unknown,Queenstown,no,False,2.803360380906535,True,False
0,3,0,28.0,2,0,21.6792,Third,man,True,Unknown,Cherbourg,no,False,3.1214482048688246,False,False
0,3,1,18.0,1,0,17.8,Third,woman,False,Unknown,Southampton,no,False,2.9338568698359038,False,True
0,3,0,7.0,4,1,39.6875,Third,child,False,Unknown,Southampton,no,False,3.705920919968788,False,True
0,3,0,21.0,0,0,7.8,Third,man,True,Unknown,Southampton,no,True,2.174751721484161,False,True
1,1,1,49.0,1,0,76.7292,First,woman,False,D,Cherbourg,yes,False,4.353230991152628,False,False
1,2,1,29.0,1,0,26.0,Second,woman,False,Unknown,Southampton,yes,False,3.295836866004329,False,True
0,1,0,65.0,0,1,61.9792,First,man,True,B,Cherbourg,no,False,4.142804513146981,False,False
1,1,0,28.0,0,0,35.5,First,man,True,C,Southampton,yes,True,3.597312260588446,False,True
1,2,1,21.0,0,0,10.5,Second,woman,False,Unknown,Southampton,yes,True,2.4423470353692043,False,True
0,3,0,28.5,0,0,7.2292,Third,man,True,Unknown,Cherbourg,no,True,2.1076888046179385,False,False
1,2,1,5.0,1,2,27.75,Second,child,False,Unknown,Southampton,yes,False,3.3586377672433594,False,True
0,3,0,11.0,5,2,46.9,Third,child,False,Unknown,Southampton,no,False,3.8691155044168695,False,True
0,3,0,22.0,0,0,7.2292,Third,man,True,Unknown,Cherbourg,no,True,2.1076888046179385,False,False
1,1,1,38.0,0,0,80.0,First,woman,False,B,Southampton,yes,True,4.394449154672439,False,True
0,1,0,45.0,1,0,83.475,First,man,True,C,Southampton,no,False,4.436455632600354,False,True
0,3,0,4.0,3,2,27.9,Third,child,False,Unknown,Southampton,no,False,3.3638415951183864,False,True
0,1,0,28.0,0,0,27.7208,First,man,True,Unknown,Cherbourg,no,True,3.357621598945279,False,False
1,3,0,28.0,1,1,15.2458,Third,man,True,Unknown,Cherbourg,yes,False,2.7878344138303452,False,False
1,2,1,29.0,0,0,10.5,Second,woman,False,F,Southampton,yes,True,2.4423470353692043,False,True
0,3,0,19.0,0,0,8.1583,Third,man,True,Unknown,Southampton,no,True,2.2146605719425225,False,True
1,3,1,17.0,4,2,7.925,Third,woman,False,Unknown,Southampton,yes,False,2.188856327665703,False,True
0,3,0,26.0,2,0,8.6625,Third,man,True,Unknown,Southampton,no,False,2.2682524139135403,False,True
0,2,0,32.0,0,0,10.5,Second,man,True,Unknown,Southampton,no,True,2.4423470353692043,False,True
0,3,1,16.0,5,2,46.9,Third,woman,False,Unknown,Southampton,no,False,3.8691155044168695,False,True
0,2,0,21.0,0,0,73.5,Second,man,True,Unknown,Southampton,no,True,4.310799125385514,False,True
0,3,0,26.0,1,0,14.4542,Third,man,True,Unknown,Cherbourg,no,False,2.737880811060884,False,False
1,3,0,32.0,0,0,56.4958,Third,man,True,Unknown,Southampton,yes,True,4.05171190165724,False,True
0,3,0,25.0,0,0,7.65,Third,man,True,F,Southampton,no,True,2.157559320943788,False,True
1,2,0,0.83,0,2,29.0,Second,child,False,Unknown,Southampton,yes,False,3.4011973816621555,False,True
1,3,1,30.0,0,0,12.475,Third,woman,False,Unknown,Southampton,yes,True,2.600836116795061,False,True
0,3,0,22.0,0,0,9.0,Third,man,True,Unknown,Southampton,no,True,2.302585092994046,False,True
1,3,0,29.0,0,0,9.5,Third,man,True,Unknown,Southampton,yes,True,2.3513752571634776,False,True
1,3,1,28.0,0,0,7.7875,Third,woman,False,Unknown,Queenstown,yes,True,2.1733302571367834,True,False
0,1,0,28.0,0,0,47.1,First,man,True,Unknown,Southampton,no,True,3.8732821771117156,False,True
1,2,1,17.0,0,0,10.5,Second,woman,False,Unknown,Southampton,yes,True,2.4423470353692043,False,True
1,3,1,33.0,3,0,15.85,Third,woman,False,Unknown,Southampton,yes,False,2.8243506567983707,False,True
0,3,0,16.0,1,3,34.375,Third,man,True,Unknown,Southampton,no,False,3.5660053559634015,False,True
1,1,1,23.0,3,2,263.0,First,woman,False,C,Southampton,yes,False,5.575949103146316,False,True
0,3,0,24.0,0,0,8.05,Third,man,True,Unknown,Southampton,no,True,2.2027647577118348,False,True
0,3,0,29.0,0,0,8.05,Third,man,True,Unknown,Southampton,no,True,2.2027647577118348,False,True
0,3,0,20.0,0,0,7.8542,Third,man,True,Unknown,Southampton,no,True,2.180891922715322,False,True
0,1,0,46.0,1,0,61.175,First,man,True,E,Southampton,no,False,4.1299529896894684,False,True
0,3,0,26.0,1,2,20.575,Third,man,True,Unknown,Southampton,no,False,3.0715352369694915,False,True
0,3,0,59.0,0,0,7.25,Third,man,True,Unknown,Southampton,no,True,2.1102132003465894,False,True
0,1,0,71.0,0,0,34.6542,First,man,True,A,Cherbourg,no,True,3.57386695198272,False,False
1,1,0,23.0,0,1,63.3583,First,man,True,D,Cherbourg,yes,False,4.164465907853638,False,False
1,2,1,34.0,0,1,23.0,Second,woman,False,Unknown,Southampton,yes,False,3.1780538303479458,False,True
0,2,0,34.0,1,0,26.0,Second,man,True,Unknown,Southampton,no,False,3.295836866004329,False,True
0,3,1,28.0,0,0,7.8958,Third,woman,False,Unknown,Southampton,no,True,2.1855792552411137,False,True
0,1,0,21.0,0,1,77.2875,First,man,True,D,Southampton,no,False,4.360387947851531,False,True
0,3,0,33.0,0,0,8.6542,Third,man,True,Unknown,Southampton,no,True,2.267393053825037,False,True
0,3,0,37.0,2,0,7.925,Third,man,True,Unknown,Southampton,no,False,2.188856327665703,False,True
1,3,1,21.0,0,0,7.65,Third,woman,False,Unknown,Southampton,yes,True,2.157559320943788,False,True
1,3,0,28.0,0,0,7.775,Third,man,True,Unknown,Southampton,yes,True,2.1719067693519296,False,True
0,3,0,38.0,0,0,7.8958,Third,man,True,Unknown,Southampton,no,True,2.1855792552411137,False,True
1,3,1,28.0,1,0,24.15,Third,woman,False,Unknown,Queenstown,yes,False,3.224857896545748,True,False
0,1,0,47.0,0,0,52.0,First,man,True,C,Southampton,no,True,3.970291913552122,False,True
0,3,1,14.5,1,0,14.4542,Third,child,False,Unknown,Cherbourg,no,False,2.737880811060884,False,False
0,3,0,22.0,0,0,8.05,Third,man,True,Unknown,Southampton,no,True,2.2027647577118348,False,True
0,3,1,20.0,1,0,9.825,Third,woman,False,Unknown,Southampton,no,False,2.3818582738885534,False,True
0,3,1,17.0,0,0,14.4583,Third,woman,False,Unknown,Cherbourg,no,True,2.738146075922933,False,False
0,3,0,21.0,0,0,7.925,Third,man,True,Unknown,Southampton,no,True,2.188856327665703,False,True
0,3,0,70.5,0,0,7.75,Third,man,True,Unknown,Queenstown,no,True,2.169053700369523,True,False
0,2,0,29.0,1,0,21.0,Second,man,True,Unknown,Southampton,no,False,3.091042453358316,False,True
0,1,0,24.0,0,1,247.5208,First,man,True,B,Cherbourg,no,False,5.515526544247129,False,False
0,3,1,2.0,4,2,31.275,Third,child,False,Unknown,Southampton,no,False,3.4742929367327062,False,True
0,2,0,21.0,2,0,73.5,Second,man,True,Unknown,Southampton,no,False,4.310799125385514,False,True
0,2,0,32.5,1,0,30.0708,Second,man,True,Unknown,Cherbourg,no,False,3.436268471383741,False,False
1,2,1,32.5,0,0,13.0,Second,woman,False,E,Southampton,yes,True,2.6390573296152584,False,True
0,1,0,54.0,0,1,77.2875,First,man,True,D,Southampton,no,False,4.360387947851531,False,True
1,3,0,12.0,1,0,11.2417,Third,child,False,Unknown,Cherbourg,yes,False,2.5048481563289,False,False
0,3,0,28.0,0,0,7.75,Third,man,True,Unknown,Queenstown,no,True,2.169053700369523,True,False
1,3,0,24.0,0,0,7.1417,Third,man,True,Unknown,Southampton,yes,True,2.0969990034181696,False,True
1,3,1,28.0,1,1,22.3583,Third,woman,False,F,Cherbourg,yes,False,3.1509523813392697,False,False
0,3,0,45.0,0,0,6.975,Third,man,True,Unknown,Southampton,no,True,2.076311648670908,False,True
0,3,0,33.0,0,0,7.8958,Third,man,True,Unknown,Cherbourg,no,True,2.1855792552411137,False,False
0,3,0,20.0,0,0,7.05,Third,man,True,Unknown,Southampton,no,True,2.0856720914304723,False,True
0,3,1,47.0,1,0,14.5,Third,woman,False,Unknown,Southampton,no,False,2.740840023925201,False,True
0,2,0,25.0,0,0,13.0,Second,man,True,Unknown,Southampton,no,True,2.6390573296152584,False,True
0,2,0,23.0,0,0,15.0458,Second,man,True,Unknown,Cherbourg,no,True,2.775447133088262,False,False
1,1,1,19.0,0,2,26.2833,First,woman,False,D,Southampton,yes,False,3.3062747934011893,False,True
0,1,0,37.0,1,0,53.1,First,man,True,C,Southampton,no,False,3.9908341858524357,False,True
0,3,0,16.0,0,0,9.2167,Third,man,True,Unknown,Southampton,no,True,2.3240236363515288,False,True
0,1,0,24.0,0,0,79.2,First,man,True,B,Cherbourg,no,True,4.384523514872469,False,False
0,3,1,28.0,0,2,15.2458,Third,woman,False,Unknown,Cherbourg,no,False,2.7878344138303452,False,False
1,3,1,22.0,0,0,7.75,Third,woman,False,Unknown,Southampton,yes,True,2.169053700369523,False,True
1,3,1,24.0,1,0,15.85,Third,woman,False,Unknown,Southampton,yes,False,2.8243506567983707,False,True
0,3,0,19.0,0,0,6.75,Third,man,True,Unknown,Queenstown,no,True,2.0476928433652555,True,False
0,2,0,18.0,0,0,11.5,Second,man,True,Unknown,Southampton,no,True,2.5257286443082556,False,True
0,2,0,19.0,1,1,36.75,Second,man,True,Unknown,Southampton,no,False,3.6309854756950335,False,True
1,3,0,27.0,0,0,7.7958,Third,man,True,Unknown,Southampton,yes,True,2.174274334826008,False,True
0,3,1,9.0,2,2,34.375,Third,child,False,Unknown,Southampton,no,False,3.5660053559634015,False,True
0,2,0,36.5,0,2,26.0,Second,man,True,F,Southampton,no,False,3.295836866004329,False,True
0,2,0,42.0,0,0,13.0,Second,man,True,Unknown,Southampton,no,True,2.6390573296152584,False,True
0,2,0,51.0,0,0,12.525,Second,man,True,Unknown,Southampton,no,True,2.6045398247325453,False,True
1,1,1,22.0,1,0,66.6,First,woman,False,C,Southampton,yes,False,4.213607983048918,False,True
0,3,0,55.5,0,0,8.05,Third,man,True,Unknown,Southampton,no,True,2.2027647577118348,False,True
0,3,0,40.5,0,2,14.5,Third,man,True,Unknown,Southampton,no,False,2.740840023925201,False,True
0,3,0,28.0,0,0,7.3125,Third,man,True,Unknown,Southampton,no,True,2.1177604059819726,False,True
0,1,0,51.0,0,1,61.3792,First,man,True,Unknown,Cherbourg,no,False,4.133231886474144,False,False
1,3,1,16.0,0,0,7.7333,Third,woman,False,Unknown,Queenstown,yes,True,2.167143305297764,True,False
0,3,0,30.0,0,0,8.05,Third,man,True,Unknown,Southampton,no,True,2.2027647577118348,False,True
0,3,0,28.0,0,0,8.6625,Third,man,True,Unknown,Southampton,no,True,2.2682524139135403,False,True
0,3,0,28.0,8,2,69.55,Third,man,True,Unknown,Southampton,no,False,4.256321678298823,False,True
0,3,0,44.0,0,1,16.1,Third,man,True,Unknown,Southampton,no,False,2.8390784635086144,False,True
1,2,1,40.0,0,0,15.75,Second,woman,False,Unknown,Southampton,yes,True,2.8183982582710754,False,True
0,3,0,26.0,0,0,7.775,Third,man,True,Unknown,Southampton,no,True,2.1719067693519296,False,True
0,3,0,17.0,0,0,8.6625,Third,man,True,Unknown,Southampton,no,True,2.2682524139135403,False,True
0,3,0,1.0,4,1,39.6875,Third,child,False,Unknown,Southampton,no,False,3.705920919968788,False,True
1,3,0,9.0,0,2,20.525,Third,child,False,Unknown,Southampton,yes,False,3.0692150503137943,False,True
1,1,1,28.0,0,1,55.0,First,woman,False,E,Southampton,yes,False,4.02535169073515,False,True
0,3,1,45.0,1,4,27.9,Third,woman,False,Unknown,Southampton,no,False,3.3638415951183864,False,True
0,1,0,28.0,0,0,25.925,First,man,True,Unknown,Southampton,no,True,3.2930552230424524,False,True
0,3,0,28.0,0,0,56.4958,Third,man,True,Unknown,Southampton,no,True,4.05171190165724,False,True
0,1,0,61.0,0,0,33.5,First,man,True,B,Southampton,no,True,3.5409593240373143,False,True
0,3,0,4.0,4,1,29.125,Third,child,False,Unknown,Queenstown,no,False,3.405355391810819,True,False
1,3,1,1.0,1,1,11.1333,Third,child,False,Unknown,Southampton,yes,False,2.495953738718064,False,True
0,1,0,56.0,0,0,30.6958,First,man,True,A,Cherbourg,no,True,3.4561841799918147,False,False
0,3,0,18.0,1,1,7.8542,Third,man,True,Unknown,Southampton,no,False,2.180891922715322,False,True
0,3,0,28.0,3,1,25.4667,Third,man,True,Unknown,Southampton,no,False,3.275887339030031,False,True
0,1,1,50.0,0,0,28.7125,First,woman,False,C,Cherbourg,no,True,3.391567832686312,False,False
0,2,0,30.0,0,0,13.0,Second,man,True,Unknown,Southampton,no,True,2.6390573296152584,False,True
0,3,0,36.0,0,0,0.0,Third,man,True,Unknown,Southampton,no,True,0.0,False,True
0,3,1,28.0,8,2,69.55,Third,woman,False,Unknown,Southampton,no,False,4.256321678298823,False,True
0,2,0,28.0,0,0,15.05,Second,man,True,Unknown,Cherbourg,no,True,2.775708849576025,False,False
0,3,0,9.0,4,2,31.3875,Third,child,False,Unknown,Southampton,no,False,3.4777725458882283,False,True
1,2,0,1.0,2,1,39.0,Second,child,False,F,Southampton,yes,False,3.6888794541139363,False,True
1,3,1,4.0,0,2,22.025,Third,child,False,Unknown,Southampton,yes,False,3.1365805821413706,False,True
0,1,0,28.0,0,0,50.0,First,man,True,A,Southampton,no,True,3.9318256327243257,False,True
1,3,1,28.0,1,0,15.5,Third,woman,False,Unknown,Queenstown,yes,False,2.803360380906535,True,False
1,1,0,45.0,0,0,26.55,First,man,True,Unknown,Southampton,yes,True,3.3160025355989236,False,True
0,3,0,40.0,1,1,15.5,Third,man,True,Unknown,Queenstown,no,False,2.803360380906535,True,False
0,3,0,36.0,0,0,7.8958,Third,man,True,Unknown,Southampton,no,True,2.1855792552411137,False,True
1,2,1,32.0,0,0,13.0,Second,woman,False,Unknown,Southampton,yes,True,2.6390573296152584,False,True
0,2,0,19.0,0,0,13.0,Second,man,True,Unknown,Southampton,no,True,2.6390573296152584,False,True
1,3,1,19.0,1,0,7.8542,Third,woman,False,Unknown,Southampton,yes,False,2.180891922715322,False,True
1,2,0,3.0,1,1,26.0,Second,child,False,F,Southampton,yes,False,3.295836866004329,False,True
1,1,1,44.0,0,0,27.7208,First,woman,False,B,Cherbourg,yes,True,3.357621598945279,False,False
1,1,1,58.0,0,0,146.5208,First,woman,False,B,Cherbourg,yes,True,4.993969182787072,False,False
0,3,0,42.0,0,1,8.4042,Third,man,True,Unknown,Southampton,no,False,2.2411563979973974,False,True
0,2,1,24.0,0,0,13.0,Second,woman,False,Unknown,Southampton,no,True,2.6390573296152584,False,True
0,3,0,28.0,0,0,9.5,Third,man,True,Unknown,Southampton,no,True,2.3513752571634776,False,True
0,3,0,34.0,0,0,6.4958,Third,man,True,Unknown,Southampton,no,True,2.0143428636837015,False,True
0,3,0,45.5,0,0,7.225,Third,man,True,Unknown,Cherbourg,no,True,2.1071782966514356,False,False
1,3,0,18.0,0,0,8.05,Third,man,True,Unknown,Southampton,yes,True,2.2027647577118348,False,True
0,3,1,2.0,0,1,10.4625,Third,child,False,G,Southampton,no,False,2.4390808375825834,False,True
0,3,0,32.0,1,0,15.85,Third,man,True,Unknown,Southampton,no,False,2.8243506567983707,False,True
1,3,0,26.0,0,0,18.7875,Third,man,True,Unknown,Cherbourg,yes,True,2.9850504252071306,False,False
1,3,1,16.0,0,0,7.75,Third,woman,False,Unknown,Queenstown,yes,True,2.169053700369523,True,False
1,1,0,40.0,0,0,31.0,First,man,True,A,Cherbourg,yes,True,3.4657359027997265,False,False
0,3,0,24.0,0,0,7.05,Third,man,True,Unknown,Southampton,no,True,2.0856720914304723,False,True
1,2,1,35.0,0,0,21.0,Second,woman,False,Unknown,Southampton,yes,True,3.091042453358316,False,True
0,3,0,22.0,0,0,7.25,Third,man,True,Unknown,Southampton,no,True,2.1102132003465894,False,True
0,3,0,28.0,1,0,7.75,Third,man,True,Unknown,Queenstown,no,False,2.169053700369523,True,False
1,1,1,31.0,1,0,113.275,First,woman,False,D,Cherbourg,yes,False,4.738607824217808,False,False
1,3,1,27.0,0,0,7.925,Third,woman,False,Unknown,Southampton,yes,True,2.188856327665703,False,True
0,2,0,42.0,1,0,27.0,Second,man,True,Unknown,Southampton,no,False,3.332204510175204,False,True
1,1,1,32.0,0,0,76.2917,First,woman,False,D,Cherbourg,yes,True,4.347586575960343,False,False
0,2,0,30.0,0,0,10.5,Second,man,True,Unknown,Southampton,no,True,2.4423470353692043,False,True
1,3,0,16.0,0,0,8.05,Third,man,True,Unknown,Southampton,yes,True,2.2027647577118348,False,True
0,2,0,27.0,0,0,13.0,Second,man,True,Unknown,Southampton,no,True,2.6390573296152584,False,True
0,3,0,51.0,0,0,8.05,Third,man,True,Unknown,Southampton,no,True,2.2027647577118348,False,True
1,1,0,38.0,1,0,90.0,First,man,True,C,Southampton,yes,False,4.51085950651685,False,True
0,3,0,22.0,0,0,9.35,Third,man,True,Unknown,Southampton,no,True,2.336986519711378,False,True
1,2,0,19.0,0,0,10.5,Second,man,True,Unknown,Southampton,yes,True,2.4423470353692043,False,True
0,3,0,20.5,0,0,7.25,Third,man,True,Unknown,Southampton,no,True,2.1102132003465894,False,True
0,2,0,18.0,0,0,13.0,Second,man,True,Unknown,Southampton,no,True,2.6390573296152584,False,True
0,3,1,28.0,3,1,25.4667,Third,woman,False,Unknown,Southampton,no,False,3.275887339030031,False,True
1,1,1,35.0,1,0,83.475,First,woman,False,C,Southampton,yes,False,4.436455632600354,False,True
0,3,0,29.0,0,0,7.775,Third,man,True,Unknown,Southampton,no,True,2.1719067693519296,False,True
0,2,0,59.0,0,0,13.5,Second,man,True,Unknown,Southampton,no,True,2.6741486494265287,False,True
1,3,1,5.0,4,2,31.3875,Third,child,False,Unknown,Southampton,yes,False,3.4777725458882283,False,True
0,2,0,24.0,0,0,10.5,Second,man,True,Unknown,Southampton,no,True,2.4423470353692043,False,True
0,3,1,28.0,0,0,7.55,Third,woman,False,Unknown,Southampton,no,True,2.145931282948669,False,True
0,2,0,44.0,1,0,26.0,Second,man,True,Unknown,Southampton,no,False,3.295836866004329,False,True
1,2,1,8.0,0,2,26.25,Second,child,False,Unknown,Southampton,yes,False,3.305053521109253,False,True
0,2,0,19.0,0,0,10.5,Second,man,True,Unknown,Southampton,no,True,2.4423470353692043,False,True
0,2,0,33.0,0,0,12.275,Second,man,True,Unknown,Southampton,no,True,2.5858825671280026,False,True
0,3,1,28.0,1,0,14.4542,Third,woman,False,Unknown,Cherbourg,no,False,2.737880811060884,False,False
0,2,0,29.0,0,0,10.5,Second,man,True,Unknown,Southampton,no,True,2.4423470353692043,False,True
0,3,0,22.0,0,0,7.125,Third,man,True,Unknown,Southampton,no,True,2.094945728215801,False,True
0,3,0,30.0,0,0,7.225,Third,man,True,Unknown,Cherbourg,no,True,2.1071782966514356,False,False
0,1,0,44.0,2,0,90.0,First,man,True,C,Queenstown,no,False,4.51085950651685,True,False
0,3,1,25.0,0,0,7.775,Third,woman,False,Unknown,Southampton,no,True,2.1719067693519296,False,True
1,2,1,24.0,0,2,14.5,Second,woman,False,Unknown,Southampton,yes,False,2.740840023925201,False,True
1,1,0,37.0,1,1,52.5542,First,man,True,D,Southampton,yes,False,3.9806942251907276,False,True
0,2,0,54.0,1,0,26.0,Second,man,True,Unknown,Southampton,no,False,3.295836866004329,False,True
0,3,0,28.0,0,0,7.25,Third,man,True,Unknown,Southampton,no,True,2.1102132003465894,False,True
0,3,1,29.0,1,1,10.4625,Third,woman,False,G,Southampton,no,False,2.4390808375825834,False,True
0,1,0,62.0,0,0,26.55,First,man,True,C,Southampton,no,True,3.3160025355989236,False,True
0,3,0,30.0,1,0,16.1,Third,man,True,Unknown,Southampton,no,False,2.8390784635086144,False,True
0,3,1,41.0,0,2,20.2125,Third,woman,False,Unknown,Southampton,no,False,3.0545906305603445,False,True
1,3,1,29.0,0,2,15.2458,Third,woman,False,Unknown,Cherbourg,yes,False,2.7878344138303452,False,False
1,1,1,28.0,0,0,79.2,First,woman,False,Unknown,Cherbourg,yes,True,4.384523514872469,False,False
1,1,1,30.0,0,0,86.5,First,woman,False,B,Southampton,yes,True,4.471638793363569,False,True
1,1,1,35.0,0,0,512.3292,First,woman,False,Unknown,Cherbourg,yes,True,6.240917354759096,False,False
1,2,1,50.0,0,1,26.0,Second,woman,False,Unknown,Southampton,yes,False,3.295836866004329,False,True
1,3,0,3.0,4,2,31.3875,Third,child,False,Unknown,Southampton,yes,False,3.4777725458882283,False,True
0,1,0,52.0,1,1,79.65,First,man,True,E,Southampton,no,False,4.390118804571218,False,True
0,1,0,40.0,0,0,0.0,First,man,True,B,Southampton,no,True,0.0,False,True
0,3,1,28.0,0,0,7.75,Third,woman,False,Unknown,Queenstown,no,True,2.169053700369523,True,False
0,2,0,36.0,0,0,10.5,Second,man,True,Unknown,Southampton,no,True,2.4423470353692043,False,True
0,3,0,16.0,4,1,39.6875,Third,man,True,Unknown,Southampton,no,False,3.705920919968788,False,True
1,3,0,25.0,1,0,7.775,Third,man,True,Unknown,Southampton,yes,False,2.1719067693519296,False,True
1,1,1,58.0,0,1,153.4625,First,woman,False,C,Southampton,yes,False,5.039951348430309,False,True
1,1,1,35.0,0,0,135.6333,First,woman,False,C,Southampton,yes,True,4.91730069488021,False,True
0,1,0,28.0,0,0,31.0,First,man,True,Unknown,Southampton,no,True,3.4657359027997265,False,True
1,3,0,25.0,0,0,0.0,Third,man,True,Unknown,Southampton,yes,True,0.0,False,True
1,2,1,41.0,0,1,19.5,Second,woman,False,Unknown,Southampton,yes,False,3.0204248861443626,False,True
0,1,0,37.0,0,1,29.7,First,man,True,C,Cherbourg,no,False,3.4242626545931514,False,False
1,1,1,63.0,1,0,77.9583,First,woman,False,D,Southampton,yes,False,4.368919865004903,False,True
0,3,1,45.0,0,0,7.75,Third,woman,False,Unknown,Southampton,no,True,2.169053700369523,False,True
0,2,0,28.0,0,0,0.0,Second,man,True,Unknown,Southampton,no,True,0.0,False,True
0,3,0,7.0,4,1,29.125,Third,child,False,Unknown,Queenstown,no,False,3.405355391810819,True,False
1,3,1,35.0,1,1,20.25,Third,woman,False,Unknown,Southampton,yes,False,3.056356895370426,False,True
0,3,0,65.0,0,0,7.75,Third,man,True,Unknown,Queenstown,no,True,2.169053700369523,True,False
0,3,0,28.0,0,0,7.8542,Third,man,True,Unknown,Southampton,no,True,2.180891922715322,False,True
0,3,0,16.0,0,0,9.5,Third,man,True,Unknown,Southampton,no,True,2.3513752571634776,False,True
1,3,0,19.0,0,0,8.05,Third,man,True,Unknown,Southampton,yes,True,2.2027647577118348,False,True
0,1,0,28.0,0,0,26.0,First,man,True,A,Southampton,no,True,3.295836866004329,False,True
0,3,0,33.0,0,0,8.6625,Third,man,True,Unknown,Cherbourg,no,True,2.2682524139135403,False,False
1,3,0,30.0,0,0,9.5,Third,man,True,Unknown,Southampton,yes,True,2.3513752571634776,False,True
0,3,0,22.0,0,0,7.8958,Third,man,True,Unknown,Southampton,no,True,2.1855792552411137,False,True
1,2,0,42.0,0,0,13.0,Second,man,True,Unknown,Southampton,yes,True,2.6390573296152584,False,True
1,3,1,22.0,0,0,7.75,Third,woman,False,Unknown,Queenstown,yes,True,2.169053700369523,True,False
1,1,1,26.0,0,0,78.85,First,woman,False,Unknown,Southampton,yes,True,4.380149874661021,False,True
1,1,1,19.0,1,0,91.0792,First,woman,False,B,Cherbourg,yes,False,4.5226490762785785,False,False
0,2,0,36.0,0,0,12.875,Second,man,True,D,Cherbourg,no,True,2.630088659632498,False,False
0,3,1,24.0,0,0,8.85,Third,woman,False,Unknown,Southampton,no,True,2.2874714551839976,False,True
0,3,0,24.0,0,0,7.8958,Third,man,True,Unknown,Southampton,no,True,2.1855792552411137,False,True
0,3,0,23.5,0,0,7.2292,Third,man,True,Unknown,Cherbourg,no,True,2.1076888046179385,False,False
0,1,1,2.0,1,2,151.55,First,child,False,C,Southampton,no,False,5.027492411162679,False,True
1,1,0,28.0,0,0,30.5,First,man,True,C,Southampton,yes,True,3.449987545831587,False,True
1,1,1,50.0,0,1,247.5208,First,woman,False,B,Cherbourg,yes,False,5.515526544247129,False,False
1,3,0,28.0,2,0,23.25,Third,man,True,Unknown,Queenstown,yes,False,3.188416617383492,True,False
0,3,0,19.0,0,0,0.0,Third,man,True,Unknown,Southampton,no,True,0.0,False,True
1,2,1,28.0,0,0,12.35,Second,woman,False,E,Queenstown,yes,True,2.5915163848462583,True,False
1,1,0,0.92,1,2,151.55,First,child,False,C,Southampton,yes,False,5.027492411162679,False,True
1,1,1,28.0,0,0,110.8833,First,woman,False,Unknown,Cherbourg,yes,True,4.717456363787216,False,False
1,1,1,17.0,1,0,108.9,First,woman,False,C,Cherbourg,yes,False,4.699570861409576,False,False
0,2,0,30.0,1,0,24.0,Second,man,True,Unknown,Cherbourg,no,False,3.2188758248682006,False,False
1,1,1,30.0,0,0,56.9292,First,woman,False,E,Cherbourg,yes,True,4.0592215752427645,False,False
1,1,1,24.0,0,0,83.1583,First,woman,False,C,Cherbourg,yes,True,4.432699549165613,False,False
1,1,1,18.0,2,2,262.375,First,woman,False,B,Cherbourg,yes,False,5.5735788721243535,False,False
0,2,1,26.0,1,1,26.0,Second,woman,False,Unknown,Southampton,no,False,3.295836866004329,False,True
0,2,0,43.0,1,1,26.25,Second,man,True,Unknown,Southampton,no,False,3.305053521109253,False,True
1,3,1,26.0,0,0,7.8542,Third,woman,False,Unknown,Southampton,yes,True,2.180891922715322,False,True
1,2,1,24.0,1,0,26.0,Second,woman,False,Unknown,Southampton,yes,False,3.295836866004329,False,True
0,2,0,54.0,0,0,14.0,Second,man,True,Unknown,Southampton,no,True,2.70805020110221,False,True
1,1,1,31.0,0,2,164.8667,First,woman,False,C,Southampton,yes,False,5.11118445372147,False,True
1,1,1,40.0,1,1,134.5,First,woman,False,E,Cherbourg,yes,False,4.908971640319756,False,False
0,3,0,27.0,0,0,7.8958,Third,man,True,Unknown,Southampton,no,True,2.1855792552411137,False,True
1,2,1,30.0,0,0,12.35,Second,woman,False,Unknown,Queenstown,yes,True,2.5915163848462583,True,False
1,2,1,22.0,1,1,29.0,Second,woman,False,Unknown,Southampton,yes,False,3.4011973816621555,False,True
1,1,1,36.0,0,0,135.6333,First,woman,False,C,Cherbourg,yes,True,4.91730069488021,False,False
0,3,0,61.0,0,0,6.2375,Third,man,True,Unknown,Southampton,no,True,1.9792758428991135,False,True
1,2,1,36.0,0,0,13.0,Second,woman,False,D,Southampton,yes,True,2.6390573296152584,False,True
1,3,1,31.0,1,1,20.525,Third,woman,False,Unknown,Southampton,yes,False,3.0692150503137943,False,True
1,1,1,16.0,0,1,57.9792,First,woman,False,B,Cherbourg,yes,False,4.077184839375167,False,False
1,3,1,28.0,2,0,23.25,Third,woman,False,Unknown,Queenstown,yes,False,3.188416617383492,True,False
0,1,0,45.5,0,0,28.5,First,man,True,C,Southampton,no,True,3.3843902633457743,False,True
0,1,0,38.0,0,1,153.4625,First,man,True,C,Southampton,no,False,5.039951348430309,False,True
0,3,0,16.0,2,0,18.0,Third,man,True,Unknown,Southampton,no,False,2.9444389791664403,False,True
1,1,1,28.0,1,0,133.65,First,woman,False,Unknown,Southampton,yes,False,4.902678819257608,False,True
0,1,0,29.0,1,0,66.6,First,man,True,C,Southampton,no,False,4.213607983048918,False,True
1,1,1,41.0,0,0,134.5,First,woman,False,E,Cherbourg,yes,True,4.908971640319756,False,False
1,3,0,45.0,0,0,8.05,Third,man,True,Unknown,Southampton,yes,True,2.2027647577118348,False,True
0,1,0,45.0,0,0,35.5,First,man,True,Unknown,Southampton,no,True,3.597312260588446,False,True
1,2,0,2.0,1,1,26.0,Second,child,False,F,Southampton,yes,False,3.295836866004329,False,True
1,1,1,24.0,3,2,263.0,First,woman,False,C,Southampton,yes,False,5.575949103146316,False,True
0,2,0,28.0,0,0,13.0,Second,man,True,Unknown,Southampton,no,True,2.6390573296152584,False,True
0,2,0,36.0,0,0,13.0,Second,man,True,Unknown,Southampton,no,True,2.6390573296152584,False,True
1,2,1,24.0,0,0,13.0,Second,woman,False,F,Southampton,yes,True,2.6390573296152584,False,True
1,2,1,40.0,0,0,13.0,Second,woman,False,Unknown,Southampton,yes,True,2.6390573296152584,False,True
1,3,1,28.0,1,0,16.1,Third,woman,False,Unknown,Southampton,yes,False,2.8390784635086144,False,True
1,3,0,3.0,1,1,15.9,Third,child,False,Unknown,Southampton,yes,False,2.8273136219290276,False,True
0,3,0,42.0,0,0,8.6625,Third,man,True,Unknown,Southampton,no,True,2.2682524139135403,False,True
0,3,0,23.0,0,0,9.225,Third,man,True,Unknown,Southampton,no,True,2.3248357019288655,False,True
0,1,0,28.0,0,0,35.0,First,man,True,C,Southampton,no,True,3.58351893845611,False,True
0,3,0,15.0,1,1,7.2292,Third,child,False,Unknown,Cherbourg,no,False,2.1076888046179385,False,False
0,3,0,25.0,1,0,17.8,Third,man,True,Unknown,Southampton,no,False,2.9338568698359038,False,True
1,1,1,22.0,0,1,55.0,First,woman,False,E,Southampton,yes,False,4.02535169073515,False,True
0,2,1,38.0,0,0,13.0,Second,woman,False,Unknown,Southampton,no,True,2.6390573296152584,False,True
0,3,0,40.0,1,4,27.9,Third,man,True,Unknown,Southampton,no,False,3.3638415951183864,False,True
0,2,0,29.0,1,0,27.7208,Second,man,True,Unknown,Cherbourg,no,False,3.357621598945279,False,False
0,3,1,45.0,0,1,14.4542,Third,woman,False,Unknown,Cherbourg,no,False,2.737880811060884,False,False
0,3,0,35.0,0,0,7.05,Third,man,True,Unknown,Southampton,no,True,2.0856720914304723,False,True
0,3,0,30.0,0,0,7.25,Third,man,True,Unknown,Southampton,no,True,2.1102132003465894,False,True
1,1,1,60.0,1,0,75.25,First,woman,False,D,Cherbourg,yes,False,4.334017415487521,False,False
1,3,1,28.0,0,0,7.2292,Third,woman,False,Unknown,Cherbourg,yes,True,2.1076888046179385,False,False
1,1,1,24.0,0,0,69.3,First,woman,False,B,Cherbourg,yes,True,4.252771798816619,False,False
1,1,0,25.0,1,0,55.4417,First,man,True,E,Cherbourg,yes,False,4.0332082470129285,False,False
0,3,0,18.0,1,0,6.4958,Third,man,True,Unknown,Southampton,no,False,2.0143428636837015,False,True
0,3,0,19.0,0,0,8.05,Third,man,True,Unknown,Southampton,no,True,2.2027647577118348,False,True
0,1,0,22.0,0,0,135.6333,First,man,True,Unknown,Cherbourg,no,True,4.91730069488021,False,False
0,3,1,3.0,3,1,21.075,Third,child,False,Unknown,Southampton,no,False,3.0944457464900235,False,True
1,1,1,28.0,1,0,82.1708,First,woman,False,Unknown,Cherbourg,yes,False,4.420896324687287,False,False
1,3,1,22.0,0,0,7.25,Third,woman,False,Unknown,Southampton,yes,True,2.1102132003465894,False,True
0,1,0,27.0,0,2,211.5,First,man,True,C,Cherbourg,no,False,5.358941988364472,False,False
0,3,0,20.0,0,0,4.0125,Third,man,True,Unknown,Cherbourg,no,True,1.6119347926326877,False,False
0,3,0,19.0,0,0,7.775,Third,man,True,Unknown,Southampton,no,True,2.1719067693519296,False,True
1,1,1,42.0,0,0,227.525,First,woman,False,Unknown,Cherbourg,yes,True,5.4316456135398825,False,False
1,3,1,1.0,0,2,15.7417,Third,child,False,Unknown,Cherbourg,yes,False,2.817902613071225,False,False
0,3,0,32.0,0,0,7.925,Third,man,True,Unknown,Southampton,no,True,2.188856327665703,False,True
1,1,1,35.0,1,0,52.0,First,woman,False,Unknown,Southampton,yes,False,3.970291913552122,False,True
0,2,0,18.0,0,0,73.5,Second,man,True,Unknown,Southampton,no,True,4.310799125385514,False,True
0,3,0,1.0,5,2,46.9,Third,child,False,Unknown,Southampton,no,False,3.8691155044168695,False,True
1,2,1,36.0,0,0,13.0,Second,woman,False,Unknown,Southampton,yes,True,2.6390573296152584,False,True
0,3,0,28.0,0,0,7.7292,Third,man,True,Unknown,Queenstown,no,True,2.1666737276227077,True,False
1,2,1,17.0,0,0,12.0,Second,woman,False,Unknown,Cherbourg,yes,True,2.5649493574615367,False,False
1,1,0,36.0,1,2,120.0,First,man,True,B,Southampton,yes,False,4.795790545596741,False,True
1,3,0,21.0,0,0,7.7958,Third,man,True,Unknown,Southampton,yes,True,2.174274334826008,False,True
0,3,0,28.0,2,0,7.925,Third,man,True,Unknown,Southampton,no,False,2.188856327665703,False,True
1,1,1,23.0,1,0,113.275,First,woman,False,D,Cherbourg,yes,False,4.738607824217808,False,False
1,3,1,24.0,0,2,16.7,Third,woman,False,G,Southampton,yes,False,2.8735646395797834,False,True
0,3,0,22.0,0,0,7.7958,Third,man,True,Unknown,Southampton,no,True,2.174274334826008,False,True
0,3,1,31.0,0,0,7.8542,Third,woman,False,Unknown,Southampton,no,True,2.180891922715322,False,True
0,2,0,46.0,0,0,26.0,Second,man,True,Unknown,Southampton,no,True,3.295836866004329,False,True
0,2,0,23.0,0,0,10.5,Second,man,True,Unknown,Southampton,no,True,2.4423470353692043,False,True
1,2,1,28.0,0,0,12.65,Second,woman,False,Unknown,Southampton,yes,True,2.613739521630969,False,True
1,3,0,39.0,0,0,7.925,Third,man,True,Unknown,Southampton,yes,True,2.188856327665703,False,True
0,3,0,26.0,0,0,8.05,Third,man,True,Unknown,Southampton,no,True,2.2027647577118348,False,True
0,3,1,21.0,1,0,9.825,Third,woman,False,Unknown,Southampton,no,False,2.3818582738885534,False,True
0,3,0,28.0,1,0,15.85,Third,man,True,Unknown,Southampton,no,False,2.8243506567983707,False,True
0,3,1,20.0,0,0,8.6625,Third,woman,False,Unknown,Southampton,no,True,2.2682524139135403,False,True
0,2,0,34.0,1,0,21.0,Second,man,True,Unknown,Southampton,no,False,3.091042453358316,False,True
0,3,0,51.0,0,0,7.75,Third,man,True,Unknown,Southampton,no,True,2.169053700369523,False,True
1,2,0,3.0,1,1,18.75,Second,child,False,Unknown,Southampton,yes,False,2.9831534913471307,False,True
0,3,0,21.0,0,0,7.775,Third,man,True,Unknown,Southampton,no,True,2.1719067693519296,False,True
0,3,0,28.0,0,0,6.8583,Third,man,True,Unknown,Queenstown,no,True,2.061570298060867,True,False
1,1,1,33.0,1,0,90.0,First,woman,False,C,Queenstown,yes,False,4.51085950651685,True,False
1,3,0,44.0,0,0,7.925,Third,man,True,Unknown,Southampton,yes,True,2.188856327665703,False,True
0,3,1,28.0,0,0,8.05,Third,woman,False,Unknown,Southampton,no,True,2.2027647577118348,False,True
1,2,1,34.0,1,1,32.5,Second,woman,False,Unknown,Southampton,yes,False,3.5115454388310208,False,True
1,2,1,18.0,0,2,13.0,Second,woman,False,Unknown,Southampton,yes,False,2.6390573296152584,False,True
0,3,1,10.0,0,2,24.15,Third,child,False,Unknown,Southampton,no,False,3.224857896545748,False,True
0,3,0,21.0,0,0,7.7333,Third,man,True,Unknown,Queenstown,no,True,2.167143305297764,True,False
0,3,0,29.0,0,0,7.875,Third,man,True,Unknown,Southampton,no,True,2.1832383353614797,False,True
0,3,1,28.0,1,1,14.4,Third,woman,False,Unknown,Southampton,no,False,2.7343675094195836,False,True
0,3,0,18.0,1,1,20.2125,Third,man,True,Unknown,Southampton,no,False,3.0545906305603445,False,True
1,2,1,28.0,1,0,26.0,Second,woman,False,Unknown,Southampton,yes,False,3.295836866004329,False,True
1,2,1,19.0,0,0,26.0,Second,woman,False,Unknown,Southampton,yes,True,3.295836866004329,False,True
1,3,0,32.0,0,0,8.05,Third,man,True,E,Southampton,yes,True,2.2027647577118348,False,True
1,1,0,28.0,0,0,26.55,First,man,True,C,Southampton,yes,True,3.3160025355989236,False,True
1,2,1,42.0,1,0,26.0,Second,woman,False,Unknown,Southampton,yes,False,3.295836866004329,False,True
0,3,0,17.0,0,0,7.125,Third,man,True,Unknown,Southampton,no,True,2.094945728215801,False,True
0,1,0,50.0,1,0,55.9,First,man,True,E,Southampton,no,False,4.041295341132285,False,True
1,1,1,14.0,1,2,120.0,First,child,False,B,Southampton,yes,False,4.795790545596741,False,True
0,3,1,21.0,2,2,34.375,Third,woman,False,Unknown,Southampton,no,False,3.5660053559634015,False,True
1,2,1,24.0,2,3,18.75,Second,woman,False,Unknown,Southampton,yes,False,2.9831534913471307,False,True
0,1,0,64.0,1,4,263.0,First,man,True,C,Southampton,no,False,5.575949103146316,False,True
0,2,0,31.0,0,0,10.5,Second,man,True,Unknown,Southampton,no,True,2.4423470353692043,False,True
1,2,1,45.0,1,1,26.25,Second,woman,False,Unknown,Southampton,yes,False,3.305053521109253,False,True
0,3,0,20.0,0,0,9.5,Third,man,True,Unknown,Southampton,no,True,2.3513752571634776,False,True
0,3,0,25.0,1,0,7.775,Third,man,True,Unknown,Southampton,no,False,2.1719067693519296,False,True
1,2,1,28.0,0,0,13.0,Second,woman,False,Unknown,Southampton,yes,True,2.6390573296152584,False,True
1,3,0,28.0,0,0,8.1125,Third,man,True,Unknown,Southampton,yes,True,2.2096470973347766,False,True
1,1,0,4.0,0,2,81.8583,First,child,False,A,Southampton,yes,False,4.417131919904876,False,True
1,2,1,13.0,0,1,19.5,Second,child,False,Unknown,Southampton,yes,False,3.0204248861443626,False,True
1,1,0,34.0,0,0,26.55,First,man,True,Unknown,Southampton,yes,True,3.3160025355989236,False,True
1,3,1,5.0,2,1,19.2583,Third,child,False,Unknown,Cherbourg,yes,False,3.0085645861193133,False,False
1,1,0,52.0,0,0,30.5,First,man,True,C,Southampton,yes,True,3.449987545831587,False,True
0,2,0,36.0,1,2,27.75,Second,man,True,Unknown,Southampton,no,False,3.3586377672433594,False,True
0,3,0,28.0,1,0,19.9667,Third,man,True,Unknown,Southampton,no,False,3.0429354648621407,False,True
0,1,0,30.0,0,0,27.75,First,man,True,C,Cherbourg,no,True,3.3586377672433594,False,False
1,1,0,49.0,1,0,89.1042,First,man,True,C,Cherbourg,yes,False,4.500966778400217,False,False
1,3,0,29.0,0,0,7.8958,Third,man,True,Unknown,Cherbourg,yes,True,2.1855792552411137,False,False
0,1,0,65.0,0,0,26.55,First,man,True,E,Southampton,no,True,3.3160025355989236,False,True
1,1,1,28.0,1,0,51.8625,First,woman,False,D,Southampton,yes,False,3.967694202798607,False,True
1,2,1,50.0,0,0,10.5,Second,woman,False,Unknown,Southampton,yes,True,2.4423470353692043,False,True
1,1,0,48.0,0,0,26.55,First,man,True,E,Southampton,yes,True,3.3160025355989236,False,True
0,3,0,34.0,0,0,8.05,Third,man,True,Unknown,Southampton,no,True,2.2027647577118348,False,True
0,1,0,47.0,0,0,38.5,First,man,True,E,Southampton,no,True,3.676300671907076,False,True
0,2,0,48.0,0,0,13.0,Second,man,True,Unknown,Southampton,no,True,2.6390573296152584,False,True
0,3,0,38.0,0,0,7.05,Third,man,True,Unknown,Southampton,no,True,2.0856720914304723,False,True
0,1,0,56.0,0,0,26.55,First,man,True,Unknown,Southampton,no,True,3.3160025355989236,False,True
0,3,0,28.0,0,0,7.725,Third,man,True,Unknown,Queenstown,no,True,2.1661924680884908,True,False
1,3,1,0.75,2,1,19.2583,Third,child,False,Unknown,Cherbourg,yes,False,3.0085645861193133,False,False
0,3,0,38.0,0,0,8.6625,Third,man,True,Unknown,Southampton,no,True,2.2682524139135403,False,True
1,2,1,33.0,1,2,27.75,Second,woman,False,Unknown,Southampton,yes,False,3.3586377672433594,False,True
1,2,1,23.0,0,0,13.7917,Second,woman,False,D,Cherbourg,yes,True,2.694066212646058,False,False
0,3,1,22.0,0,0,9.8375,Third,woman,False,Unknown,Southampton,no,True,2.3830123421066602,False,True
0,1,0,28.0,0,0,52.0,First,man,True,A,Southampton,no,True,3.970291913552122,False,True
0,3,0,29.0,1,0,7.0458,Third,man,True,Unknown,Southampton,no,False,2.0851502161468174,False,True
0,3,0,22.0,0,0,7.5208,Third,man,True,Unknown,Southampton,no,True,2.142510233146819,False,True
1,3,1,2.0,0,1,12.2875,Third,child,False,Unknown,Southampton,yes,False,2.586823743668066,False,True
0,3,0,9.0,5,2,46.9,Third,child,False,Unknown,Southampton,no,False,3.8691155044168695,False,True
0,3,0,50.0,0,0,8.05,Third,man,True,Unknown,Southampton,no,True,2.2027647577118348,False,True
1,3,1,63.0,0,0,9.5875,Third,woman,False,Unknown,Southampton,yes,True,2.3596740599781727,False,True
1,1,0,25.0,1,0,91.0792,First,man,True,B,Cherbourg,yes,False,4.5226490762785785,False,False
1,1,1,35.0,1,0,90.0,First,woman,False,C,Southampton,yes,False,4.51085950651685,False,True
0,1,0,58.0,0,0,29.7,First,man,True,B,Cherbourg,no,True,3.4242626545931514,False,False
1,3,0,9.0,1,1,15.9,Third,child,False,Unknown,Southampton,yes,False,2.8273136219290276,False,True
0,3,0,21.0,0,0,7.25,Third,man,True,Unknown,Southampton,no,True,2.1102132003465894,False,True
0,1,0,55.0,0,0,30.5,First,man,True,C,Southampton,no,True,3.449987545831587,False,True
0,1,0,71.0,0,0,49.5042,First,man,True,Unknown,Cherbourg,no,True,3.922056501139853,False,False
0,3,0,28.0,0,0,14.4583,Third,man,True,Unknown,Cherbourg,no,True,2.738146075922933,False,False
1,1,1,54.0,1,0,78.2667,First,woman,False,D,Cherbourg,yes,False,4.37281811610993,False,False
0,3,0,28.0,0,0,15.1,Third,man,True,Unknown,Southampton,no,True,2.7788192719904172,False,True
0,1,1,25.0,1,2,151.55,First,woman,False,C,Southampton,no,False,5.027492411162679,False,True
0,3,0,24.0,0,0,7.7958,Third,man,True,Unknown,Southampton,no,True,2.174274334826008,False,True
0,3,1,21.0,0,0,7.75,Third,woman,False,Unknown,Queenstown,no,True,2.169053700369523,True,False
0,3,1,28.0,0,0,7.6292,Third,woman,False,Unknown,Queenstown,no,True,2.155151800914312,True,False
0,3,1,37.0,0,0,9.5875,Third,woman,False,Unknown,Southampton,no,True,2.3596740599781727,False,True
1,1,1,16.0,0,0,86.5,First,woman,False,B,Southampton,yes,True,4.471638793363569,False,True
0,1,0,18.0,1,0,108.9,First,man,True,C,Cherbourg,no,False,4.699570861409576,False,False
1,2,1,33.0,0,2,26.0,Second,woman,False,Unknown,Southampton,yes,False,3.295836866004329,False,True
1,1,0,28.0,0,0,26.55,First,man,True,Unknown,Southampton,yes,True,3.3160025355989236,False,True
0,3,0,28.0,0,0,22.525,Third,man,True,Unknown,Southampton,no,True,3.1580636854714434,False,True
1,3,0,26.0,0,0,56.4958,Third,man,True,Unknown,Southampton,yes,True,4.05171190165724,False,True
1,3,0,29.0,0,0,7.75,Third,man,True,Unknown,Queenstown,yes,True,2.169053700369523,True,False
1,1,0,36.0,0,0,26.2875,First,man,True,E,Southampton,yes,True,3.3064287218760624,False,True
1,1,1,54.0,1,0,59.4,First,woman,False,Unknown,Cherbourg,yes,False,4.100989104940769,False,False
0,3,0,24.0,0,0,7.4958,Third,man,True,Unknown,Southampton,no,True,2.139571923732859,False,True
0,1,0,47.0,0,0,34.0208,First,man,True,D,Southampton,no,True,3.5559421706858756,False,True
1,2,1,34.0,0,0,10.5,Second,woman,False,F,Southampton,yes,True,2.4423470353692043,False,True
0,3,0,28.0,0,0,24.15,Third,man,True,Unknown,Queenstown,no,True,3.224857896545748,True,False
1,2,1,36.0,1,0,26.0,Second,woman,False,Unknown,Southampton,yes,False,3.295836866004329,False,True
0,3,0,32.0,0,0,7.8958,Third,man,True,Unknown,Southampton,no,True,2.1855792552411137,False,True
1,1,1,30.0,0,0,93.5,First,woman,False,B,Southampton,yes,True,4.548599834499697,False,True
1,1,1,44.0,0,1,57.9792,First,woman,False,B,Cherbourg,yes,False,4.077184839375167,False,False
0,3,0,28.0,0,0,7.2292,Third,man,True,Unknown,Cherbourg,no,True,2.1076888046179385,False,False
0,3,0,40.5,0,0,7.75,Third,man,True,Unknown,Queenstown,no,True,2.169053700369523,True,False
0,1,0,28.0,0,0,221.7792,First,man,True,C,Southampton,no,True,5.406181146423973,False,True
0,3,0,39.0,0,0,7.925,Third,man,True,Unknown,Southampton,no,True,2.188856327665703,False,True
0,2,0,23.0,2,1,11.5,Second,man,True,Unknown,Southampton,no,False,2.5257286443082556,False,True
1,2,1,2.0,1,1,26.0,Second,child,False,Unknown,Southampton,yes,False,3.295836866004329,False,True
0,3,0,17.0,1,1,7.2292,Third,man,True,Unknown,Cherbourg,no,False,2.1076888046179385,False,False
1,3,1,28.0,0,2,22.3583,Third,woman,False,Unknown,Cherbourg,yes,False,3.1509523813392697,False,False
0,3,1,30.0,0,0,8.6625,Third,woman,False,Unknown,Southampton,no,True,2.2682524139135403,False,True
1,2,1,7.0,0,2,26.25,Second,child,False,Unknown,Southampton,yes,False,3.305053521109253,False,True
0,1,0,45.0,0,0,26.55,First,man,True,B,Southampton,no,True,3.3160025355989236,False,True
1,1,1,30.0,0,0,106.425,First,woman,False,Unknown,Cherbourg,yes,True,4.676792929661059,False,False
0,3,0,28.0,0,0,14.5,Third,man,True,Unknown,Southampton,no,True,2.740840023925201,False,True
1,1,1,22.0,0,2,49.5,First,woman,False,B,Cherbourg,yes,False,3.9219733362813143,False,False
1,1,1,36.0,0,2,71.0,First,woman,False,B,Southampton,yes,False,4.276666119016055,False,True
0,3,1,9.0,4,2,31.275,Third,child,False,Unknown,Southampton,no,False,3.4742929367327062,False,True
0,3,1,11.0,4,2,31.275,Third,child,False,Unknown,Southampton,no,False,3.4742929367327062,False,True
1,2,0,32.0,1,0,26.0,Second,man,True,Unknown,Southampton,yes,False,3.295836866004329,False,True
0,1,0,50.0,1,0,106.425,First,man,True,C,Cherbourg,no,False,4.676792929661059,False,False
0,1,0,64.0,0,0,26.0,First,man,True,Unknown,Southampton,no,True,3.295836866004329,False,True
1,2,1,19.0,1,0,26.0,Second,woman,False,Unknown,Southampton,yes,False,3.295836866004329,False,True
1,2,0,28.0,0,0,13.8625,Second,man,True,Unknown,Cherbourg,yes,True,2.6988412620169004,False,False
0,3,0,33.0,1,1,20.525,Third,man,True,Unknown,Southampton,no,False,3.0692150503137943,False,True
1,2,0,8.0,1,1,36.75,Second,child,False,Unknown,Southampton,yes,False,3.6309854756950335,False,True
1,1,0,17.0,0,2,110.8833,First,man,True,C,Cherbourg,yes,False,4.717456363787216,False,False
0,2,0,27.0,0,0,26.0,Second,man,True,Unknown,Southampton,no,True,3.295836866004329,False,True
0,3,0,28.0,0,0,7.8292,Third,man,True,Unknown,Queenstown,no,True,2.17806441028492,True,False
1,3,0,22.0,0,0,7.225,Third,man,True,Unknown,Cherbourg,yes,True,2.1071782966514356,False,False
1,3,1,22.0,0,0,7.775,Third,woman,False,Unknown,Southampton,yes,True,2.1719067693519296,False,True
0,1,0,62.0,0,0,26.55,First,man,True,Unknown,Southampton,no,True,3.3160025355989236,False,True
1,1,1,48.0,1,0,39.6,First,woman,False,A,Cherbourg,yes,False,3.703768066607687,False,False
0,1,0,28.0,0,0,227.525,First,man,True,Unknown,Cherbourg,no,True,5.4316456135398825,False,False
1,1,1,39.0,1,1,79.65,First,woman,False,E,Southampton,yes,False,4.390118804571218,False,True
1,3,1,36.0,1,0,17.4,Third,woman,False,Unknown,Southampton,yes,False,2.91235066461494,False,True
0,3,0,40.0,0,0,7.8958,Third,man,True,Unknown,Southampton,no,True,2.1855792552411137,False,True
0,2,0,28.0,0,0,13.5,Second,man,True,Unknown,Southampton,no,True,2.6741486494265287,False,True
0,3,0,24.0,2,0,24.15,Third,man,True,Unknown,Southampton,no,False,3.224857896545748,False,True
0,3,0,19.0,0,0,7.8958,Third,man,True,Unknown,Southampton,no,True,2.1855792552411137,False,True
0,3,1,29.0,0,4,21.075,Third,woman,False,Unknown,Southampton,no,False,3.0944457464900235,False,True
1,3,0,32.0,0,0,7.8542,Third,man,True,Unknown,Southampton,yes,True,2.180891922715322,False,True
1,2,0,62.0,0,0,10.5,Second,man,True,Unknown,Southampton,yes,True,2.4423470353692043,False,True
1,1,1,53.0,2,0,51.4792,First,woman,False,C,Southampton,yes,False,3.960416900617205,False,True
1,1,0,36.0,0,0,26.3875,First,man,True,E,Southampton,yes,True,3.3100867049215847,False,True
0,3,0,16.0,0,0,8.05,Third,man,True,Unknown,Southampton,no,True,2.2027647577118348,False,True
0,3,0,19.0,0,0,14.5,Third,man,True,Unknown,Southampton,no,True,2.740840023925201,False,True
1,2,1,34.0,0,0,13.0,Second,woman,False,Unknown,Southampton,yes,True,2.6390573296152584,False,True
1,1,1,39.0,1,0,55.9,First,woman,False,E,Southampton,yes,False,4.041295341132285,False,True
0,3,1,28.0,1,0,14.4583,Third,woman,False,Unknown,Cherbourg,no,False,2.738146075922933,False,False
1,3,0,32.0,0,0,7.925,Third,man,True,Unknown,Southampton,yes,True,2.188856327665703,False,True
1,2,1,25.0,1,1,30.0,Second,woman,False,Unknown,Southampton,yes,False,3.4339872044851463,False,True
1,1,1,39.0,1,1,110.8833,First,woman,False,C,Cherbourg,yes,False,4.717456363787216,False,False
0,2,0,54.0,0,0,26.0,Second,man,True,Unknown,Southampton,no,True,3.295836866004329,False,True
0,1,0,36.0,0,0,40.125,First,man,True,A,Cherbourg,no,True,3.716616209085536,False,False
0,3,0,28.0,0,0,8.7125,Third,man,True,Unknown,Cherbourg,no,True,2.2734137156937657,False,False
1,1,1,18.0,0,2,79.65,First,woman,False,E,Southampton,yes,False,4.390118804571218,False,True
0,2,0,47.0,0,0,15.0,Second,man,True,Unknown,Southampton,no,True,2.772588722239781,False,True
1,1,0,60.0,1,1,79.2,First,man,True,B,Cherbourg,yes,False,4.384523514872469,False,False
0,3,0,35.0,0,0,7.125,Third,man,True,Unknown,Southampton,no,True,2.094945728215801,False,True
1,1,1,52.0,1,0,78.2667,First,woman,False,D,Cherbourg,yes,False,4.37281811610993,False,False
0,3,0,47.0,0,0,7.25,Third,man,True,Unknown,Southampton,no,True,2.1102132003465894,False,True
0,3,1,28.0,0,2,7.75,Third,woman,False,Unknown,Queenstown,no,False,2.169053700369523,True,False
0,2,0,37.0,1,0,26.0,Second,man,True,Unknown,Southampton,no,False,3.295836866004329,False,True
0,3,0,36.0,1,1,24.15,Third,man,True,Unknown,Southampton,no,False,3.224857896545748,False,True
1,2,1,28.0,0,0,33.0,Second,woman,False,Unknown,Southampton,yes,True,3.5263605246161616,False,True
0,3,0,49.0,0,0,0.0,Third,man,True,Unknown,Southampton,no,True,0.0,False,True
1,1,0,49.0,1,0,56.9292,First,man,True,A,Cherbourg,yes,False,4.0592215752427645,False,False
1,2,1,24.0,2,1,27.0,Second,woman,False,Unknown,Southampton,yes,False,3.332204510175204,False,True
0,1,0,28.0,0,0,42.4,First,man,True,Unknown,Southampton,no,True,3.770459441106359,False,True
0,3,0,44.0,0,0,8.05,Third,man,True,Unknown,Southampton,no,True,2.2027647577118348,False,True
1,1,0,35.0,0,0,26.55,First,man,True,Unknown,Cherbourg,yes,True,3.3160025355989236,False,False
0,3,0,36.0,1,0,15.55,Third,man,True,Unknown,Southampton,no,False,2.806386101823072,False,True
0,3,0,30.0,0,0,7.8958,Third,man,True,Unknown,Southampton,no,True,2.1855792552411137,False,True
1,1,0,27.0,0,0,30.5,First,man,True,Unknown,Southampton,yes,True,3.449987545831587,False,True
1,2,1,22.0,1,2,41.5792,Second,woman,False,Unknown,Cherbourg,yes,False,3.7513658711253766,False,False
1,1,1,40.0,0,0,153.4625,First,woman,False,C,Southampton,yes,True,5.039951348430309,False,True
0,3,1,39.0,1,5,31.275,Third,woman,False,Unknown,Southampton,no,False,3.4742929367327062,False,True
0,3,0,28.0,0,0,7.05,Third,man,True,Unknown,Southampton,no,True,2.0856720914304723,False,True
1,2,1,24.0,1,2,65.0,Second,woman,False,Unknown,Southampton,yes,False,4.189654742026425,False,True
0,3,0,34.0,1,1,14.4,Third,man,True,Unknown,Southampton,no,False,2.7343675094195836,False,True
0,3,1,26.0,1,0,16.1,Third,woman,False,Unknown,Southampton,no,False,2.8390784635086144,False,True
1,2,1,4.0,2,1,39.0,Second,child,False,F,Southampton,yes,False,3.6888794541139363,False,True
0,2,0,26.0,0,0,10.5,Second,man,True,Unknown,Southampton,no,True,2.4423470353692043,False,True
0,3,0,27.0,1,0,14.4542,Third,man,True,Unknown,Cherbourg,no,False,2.737880811060884,False,False
1,1,0,42.0,1,0,52.5542,First,man,True,D,Southampton,yes,False,3.9806942251907276,False,True
1,3,0,20.0,1,1,15.7417,Third,man,True,Unknown,Cherbourg,yes,False,2.817902613071225,False,False
0,3,0,21.0,0,0,7.8542,Third,man,True,Unknown,Southampton,no,True,2.180891922715322,False,True
0,3,0,21.0,0,0,16.1,Third,man,True,Unknown,Southampton,no,True,2.8390784635086144,False,True
0,1,0,61.0,0,0,32.3208,First,man,True,D,Southampton,no,True,3.5061818266142577,False,True
0,2,0,57.0,0,0,12.35,Second,man,True,Unknown,Queenstown,no,True,2.5915163848462583,True,False
1,1,1,21.0,0,0,77.9583,First,woman,False,D,Southampton,yes,True,4.368919865004903,False,True
0,3,0,26.0,0,0,7.8958,Third,man,True,Unknown,Southampton,no,True,2.1855792552411137,False,True
0,3,0,28.0,0,0,7.7333,Third,man,True,Unknown,Queenstown,no,True,2.167143305297764,True,False
1,1,0,80.0,0,0,30.0,First,man,True,A,Southampton,yes,True,3.4339872044851463,False,True
0,3,0,51.0,0,0,7.0542,Third,man,True,Unknown,Southampton,no,True,2.086193694502369,False,True
1,1,0,32.0,0,0,30.5,First,man,True,B,Cherbourg,yes,True,3.449987545831587,False,False
0,1,0,28.0,0,0,0.0,First,man,True,Unknown,Southampton,no,True,0.0,False,True
0,3,1,9.0,3,2,27.9,Third,child,False,Unknown,Southampton,no,False,3.3638415951183864,False,True
0,2,0,31.0,1,1,26.25,Second,man,True,Unknown,Southampton,no,False,3.305053521109253,False,True
0,3,1,41.0,0,5,39.6875,Third,woman,False,Unknown,Southampton,no,False,3.705920919968788,False,True
0,3,0,28.0,1,0,16.1,Third,man,True,Unknown,Southampton,no,False,2.8390784635086144,False,True
0,3,1,2.0,3,2,27.9,Third,child,False,Unknown,Southampton,no,False,3.3638415951183864,False,True
1,3,0,28.0,0,0,56.4958,Third,man,True,Unknown,Southampton,yes,True,4.05171190165724,False,True
1,1,0,48.0,1,0,76.7292,First,man,True,D,Cherbourg,yes,False,4.353230991152628,False,False
1,1,0,56.0,0,0,35.5,First,man,True,A,Cherbourg,yes,True,3.597312260588446,False,False
0,3,0,28.0,0,0,7.55,Third,man,True,Unknown,Southampton,no,True,2.145931282948669,False,True
1,3,1,23.0,0,0,7.55,Third,woman,False,Unknown,Southampton,yes,True,2.145931282948669,False,True
1,2,1,18.0,0,1,23.0,Second,woman,False,Unknown,Southampton,yes,False,3.1780538303479458,False,True
0,3,0,21.0,0,0,8.4333,Third,man,True,Unknown,Southampton,no,True,2.2442459824059346,False,True
1,3,1,28.0,0,0,7.8292,Third,woman,False,Unknown,Queenstown,yes,True,2.17806441028492,True,False
0,3,1,18.0,0,0,6.75,Third,woman,False,Unknown,Queenstown,no,True,2.0476928433652555,True,False
0,2,0,24.0,2,0,73.5,Second,man,True,Unknown,Southampton,no,False,4.310799125385514,False,True
0,3,1,32.0,1,1,15.5,Third,woman,False,Unknown,Queenstown,no,False,2.803360380906535,True,False
0,2,0,23.0,0,0,13.0,Second,man,True,Unknown,Southampton,no,True,2.6390573296152584,False,True
0,1,0,58.0,0,2,113.275,First,man,True,D,Cherbourg,no,False,4.738607824217808,False,False
1,1,0,50.0,2,0,133.65,First,man,True,Unknown,Southampton,yes,False,4.902678819257608,False,True
0,3,0,40.0,0,0,7.225,Third,man,True,Unknown,Cherbourg,no,True,2.1071782966514356,False,False
0,1,0,47.0,0,0,25.5875,First,man,True,E,Southampton,no,True,3.2804411805263554,False,True
0,3,0,36.0,0,0,7.4958,Third,man,True,Unknown,Southampton,no,True,2.139571923732859,False,True
1,3,0,20.0,1,0,7.925,Third,man,True,Unknown,Southampton,yes,False,2.188856327665703,False,True
0,2,0,32.0,2,0,73.5,Second,man,True,Unknown,Southampton,no,False,4.310799125385514,False,True
0,3,0,28.0,0,0,7.775,Third,man,True,Unknown,Southampton,no,True,2.1719067693519296,False,True
0,3,0,43.0,0,0,8.05,Third,man,True,Unknown,Southampton,no,True,2.2027647577118348,False,True
1,1,1,28.0,1,0,52.0,First,woman,False,C,Southampton,yes,False,3.970291913552122,False,True
1,2,1,40.0,1,1,39.0,Second,woman,False,Unknown,Southampton,yes,False,3.6888794541139363,False,True
0,1,0,31.0,1,0,52.0,First,man,True,B,Southampton,no,False,3.970291913552122,False,True
0,2,0,70.0,0,0,10.5,Second,man,True,Unknown,Southampton,no,True,2.4423470353692043,False,True
1,2,0,31.0,0,0,13.0,Second,man,True,Unknown,Southampton,yes,True,2.6390573296152584,False,True
0,3,0,18.0,0,0,7.775,Third,man,True,Unknown,Southampton,no,True,2.1719067693519296,False,True
0,3,0,24.5,0,0,8.05,Third,man,True,Unknown,Southampton,no,True,2.2027647577118348,False,True
1,3,1,18.0,0,0,9.8417,Third,woman,False,Unknown,Southampton,yes,True,2.3833998102837652,False,True
0,3,1,43.0,1,6,46.9,Third,woman,False,Unknown,Southampton,no,False,3.8691155044168695,False,True
1,1,0,36.0,0,1,512.3292,First,man,True,B,Cherbourg,yes,False,6.240917354759096,False,False
0,3,1,28.0,0,0,8.1375,Third,woman,False,Unknown,Queenstown,no,True,2.212386825075897,True,False
1,1,0,27.0,0,0,76.7292,First,man,True,D,Cherbourg,yes,True,4.353230991152628,False,False
0,3,0,20.0,0,0,9.225,Third,man,True,Unknown,Southampton,no,True,2.3248357019288655,False,True
0,3,0,14.0,5,2,46.9,Third,child,False,Unknown,Southampton,no,False,3.8691155044168695,False,True
0,2,0,60.0,1,1,39.0,Second,man,True,Unknown,Southampton,no,False,3.6888794541139363,False,True
0,2,0,25.0,1,2,41.5792,Second,man,True,Unknown,Cherbourg,no,False,3.7513658711253766,False,False
0,3,0,14.0,4,1,39.6875,Third,child,False,Unknown,Southampton,no,False,3.705920919968788,False,True
0,3,0,19.0,0,0,10.1708,Third,man,True,Unknown,Southampton,no,True,2.4133032309283076,False,True
0,3,0,18.0,0,0,7.7958,Third,man,True,Unknown,Southampton,no,True,2.174274334826008,False,True
1,1,1,15.0,0,1,211.3375,First,child,False,B,Southampton,yes,False,5.35817698994543,False,True
1,1,0,31.0,1,0,57.0,First,man,True,B,Southampton,yes,False,4.060443010546419,False,True
1,3,1,4.0,0,1,13.4167,Third,child,False,Unknown,Cherbourg,yes,False,2.668387256845834,False,False
0,3,0,25.0,0,0,7.225,Third,man,True,Unknown,Cherbourg,no,True,2.1071782966514356,False,False
0,1,0,60.0,0,0,26.55,First,man,True,Unknown,Southampton,no,True,3.3160025355989236,False,True
0,2,0,52.0,0,0,13.5,Second,man,True,Unknown,Southampton,no,True,2.6741486494265287,False,True
1,3,1,28.0,0,0,7.7333,Third,woman,False,Unknown,Queenstown,yes,True,2.167143305297764,True,False
0,1,0,49.0,1,1,110.8833,First,man,True,C,Cherbourg,no,False,4.717456363787216,False,False
0,3,0,42.0,0,0,7.65,Third,man,True,F,Southampton,no,True,2.157559320943788,False,True
1,1,1,18.0,1,0,227.525,First,woman,False,C,Cherbourg,yes,False,5.4316456135398825,False,False
1,1,0,35.0,0,0,26.2875,First,man,True,E,Southampton,yes,True,3.3064287218760624,False,True
0,3,1,18.0,0,1,14.4542,Third,woman,False,Unknown,Cherbourg,no,False,2.737880811060884,False,False
0,3,0,25.0,0,0,7.7417,Third,man,True,Unknown,Queenstown,no,True,2.1681046787623672,True,False
0,3,0,26.0,1,0,7.8542,Third,man,True,Unknown,Southampton,no,False,2.180891922715322,False,True
0,2,0,39.0,0,0,26.0,Second,man,True,Unknown,Southampton,no,True,3.295836866004329,False,True
1,2,1,45.0,0,0,13.5,Second,woman,False,Unknown,Southampton,yes,True,2.6741486494265287,False,True
1,1,0,42.0,0,0,26.2875,First,man,True,E,Southampton,yes,True,3.3064287218760624,False,True
1,1,1,22.0,0,0,151.55,First,woman,False,Unknown,Southampton,yes,True,5.027492411162679,False,True
1,1,1,24.0,0,0,49.5042,First,woman,False,C,Cherbourg,yes,True,3.922056501139853,False,False
0,1,0,28.0,0,0,26.55,First,man,True,C,Southampton,no,True,3.3160025355989236,False,True
1,1,0,48.0,1,0,52.0,First,man,True,C,Southampton,yes,False,3.970291913552122,False,True
0,3,0,29.0,0,0,9.4833,Third,man,True,Unknown,Southampton,no,True,2.3497835148230464,False,True
0,2,0,52.0,0,0,13.0,Second,man,True,Unknown,Southampton,no,True,2.6390573296152584,False,True
0,3,0,19.0,0,0,7.65,Third,man,True,F,Southampton,no,True,2.157559320943788,False,True
1,1,1,38.0,0,0,227.525,First,woman,False,C,Cherbourg,yes,True,5.4316456135398825,False,False
1,2,1,27.0,0,0,10.5,Second,woman,False,E,Southampton,yes,True,2.4423470353692043,False,True
0,3,0,28.0,0,0,15.5,Third,man,True,Unknown,Queenstown,no,True,2.803360380906535,True,False
0,3,0,33.0,0,0,7.775,Third,man,True,Unknown,Southampton,no,True,2.1719067693519296,False,True
1,2,1,6.0,0,1,33.0,Second,child,False,Unknown,Southampton,yes,False,3.5263605246161616,False,True
0,3,0,17.0,1,0,7.0542,Third,man,True,Unknown,Southampton,no,False,2.086193694502369,False,True
0,2,0,34.0,0,0,13.0,Second,man,True,Unknown,Southampton,no,True,2.6390573296152584,False,True
0,2,0,50.0,0,0,13.0,Second,man,True,Unknown,Southampton,no,True,2.6390573296152584,False,True
1,1,0,27.0,1,0,53.1,First,man,True,E,Southampton,yes,False,3.9908341858524357,False,True
0,3,0,20.0,0,0,8.6625,Third,man,True,Unknown,Southampton,no,True,2.2682524139135403,False,True
1,2,1,30.0,3,0,21.0,Second,woman,False,Unknown,Southampton,yes,False,3.091042453358316,False,True
1,3,1,28.0,0,0,7.7375,Third,woman,False,Unknown,Queenstown,yes,True,2.1676241075599285,True,False
0,2,0,25.0,1,0,26.0,Second,man,True,Unknown,Southampton,no,False,3.295836866004329,False,True
0,3,1,25.0,1,0,7.925,Third,woman,False,Unknown,Southampton,no,False,2.188856327665703,False,True
1,1,1,29.0,0,0,211.3375,First,woman,False,B,Southampton,yes,True,5.35817698994543,False,True
0,3,0,11.0,0,0,18.7875,Third,child,False,Unknown,Cherbourg,no,True,2.9850504252071306,False,False
0,3,0,28.5,0,0,16.1,Third,man,True,Unknown,Southampton,no,True,2.8390784635086144,False,True
0,3,1,48.0,1,3,34.375,Third,woman,False,Unknown,Southampton,no,False,3.5660053559634015,False,True
1,1,0,35.0,0,0,512.3292,First,man,True,B,Cherbourg,yes,True,6.240917354759096,False,False
1,1,0,28.0,0,0,30.0,First,man,True,D,Southampton,yes,True,3.4339872044851463,False,True
0,1,0,36.0,1,0,78.85,First,man,True,C,Southampton,no,False,4.380149874661021,False,True
1,1,1,21.0,2,2,262.375,First,woman,False,B,Cherbourg,yes,False,5.5735788721243535,False,False
0,3,0,24.0,1,0,16.1,Third,man,True,Unknown,Southampton,no,False,2.8390784635086144,False,True
1,3,0,31.0,0,0,7.925,Third,man,True,Unknown,Southampton,yes,True,2.188856327665703,False,True
0,1,0,70.0,1,1,71.0,First,man,True,B,Southampton,no,False,4.276666119016055,False,True
0,3,0,16.0,1,1,20.25,Third,man,True,Unknown,Southampton,no,False,3.056356895370426,False,True
1,2,1,30.0,0,0,13.0,Second,woman,False,Unknown,Southampton,yes,True,2.6390573296152584,False,True
0,1,0,19.0,1,0,53.1,First,man,True,D,Southampton,no,False,3.9908341858524357,False,True
0,3,0,31.0,0,0,7.75,Third,man,True,Unknown,Queenstown,no,True,2.169053700369523,True,False
1,2,1,4.0,1,1,23.0,Second,child,False,Unknown,Southampton,yes,False,3.1780538303479458,False,True
1,3,0,6.0,0,1,12.475,Third,child,False,E,Southampton,yes,False,2.600836116795061,False,True
0,3,0,33.0,0,0,9.5,Third,man,True,Unknown,Southampton,no,True,2.3513752571634776,False,True
0,3,0,23.0,0,0,7.8958,Third,man,True,Unknown,Southampton,no,True,2.1855792552411137,False,True
1,2,1,48.0,1,2,65.0,Second,woman,False,Unknown,Southampton,yes,False,4.189654742026425,False,True
1,2,0,0.67,1,1,14.5,Second,child,False,Unknown,Southampton,yes,False,2.740840023925201,False,True
0,3,0,28.0,0,0,7.7958,Third,man,True,Unknown,Southampton,no,True,2.174274334826008,False,True
1,1,1,33.0,0,0,86.5,First,woman,False,B,Southampton,yes,True,4.471638793363569,False,True
0,3,0,41.0,0,0,7.125,Third,man,True,Unknown,Southampton,no,True,2.094945728215801,False,True
1,3,0,20.0,0,0,7.2292,Third,man,True,Unknown,Cherbourg,yes,True,2.1076888046179385,False,False
1,1,1,36.0,1,2,120.0,First,woman,False,B,Southampton,yes,False,4.795790545596741,False,True
0,3,0,16.0,0,0,7.775,Third,man,True,Unknown,Southampton,no,True,2.1719067693519296,False,True
1,1,1,51.0,1,0,77.9583,First,woman,False,D,Southampton,yes,False,4.368919865004903,False,True
0,1,0,28.0,0,0,39.6,First,man,True,Unknown,Cherbourg,no,True,3.703768066607687,False,False
0,3,1,30.5,0,0,7.75,Third,woman,False,Unknown,Queenstown,no,True,2.169053700369523,True,False
0,3,0,28.0,1,0,24.15,Third,man,True,Unknown,Queenstown,no,False,3.224857896545748,True,False
0,3,0,32.0,0,0,8.3625,Third,man,True,Unknown,Southampton,no,True,2.236712348843338,False,True
0,3,0,24.0,0,0,9.5,Third,man,True,Unknown,Southampton,no,True,2.3513752571634776,False,True
0,3,0,48.0,0,0,7.8542,Third,man,True,Unknown,Southampton,no,True,2.180891922715322,False,True
0,2,1,57.0,0,0,10.5,Second,woman,False,E,Southampton,no,True,2.4423470353692043,False,True
1,2,1,54.0,1,3,23.0,Second,woman,False,Unknown,Southampton,yes,False,3.1780538303479458,False,True
0,3,0,18.0,0,0,7.75,Third,man,True,Unknown,Southampton,no,True,2.169053700369523,False,True
0,3,0,28.0,0,0,7.75,Third,man,True,F,Queenstown,no,True,2.169053700369523,True,False
1,3,1,5.0,0,0,12.475,Third,child,False,Unknown,Southampton,yes,True,2.600836116795061,False,True
0,3,0,28.0,0,0,7.7375,Third,man,True,Unknown,Queenstown,no,True,2.1676241075599285,True,False
1,1,1,43.0,0,1,211.3375,First,woman,False,B,Southampton,yes,False,5.35817698994543,False,True
1,3,1,13.0,0,0,7.2292,Third,child,False,Unknown,Cherbourg,yes,True,2.1076888046179385,False,False
1,1,1,17.0,1,0,57.0,First,woman,False,B,Southampton,yes,False,4.060443010546419,False,True
0,1,0,29.0,0,0,30.0,First,man,True,D,Southampton,no,True,3.4339872044851463,False,True
0,3,0,28.0,1,2,23.45,Third,man,True,Unknown,Southampton,no,False,3.196630215920881,False,True
0,3,0,25.0,0,0,7.05,Third,man,True,Unknown,Southampton,no,True,2.0856720914304723,False,True
0,3,0,25.0,0,0,7.25,Third,man,True,Unknown,Southampton,no,True,2.1102132003465894,False,True
1,3,1,18.0,0,0,7.4958,Third,woman,False,Unknown,Southampton,yes,True,2.139571923732859,False,True
0,3,0,8.0,4,1,29.125,Third,child,False,Unknown,Queenstown,no,False,3.405355391810819,True,False
1,3,0,1.0,1,2,20.575,Third,child,False,Unknown,Southampton,yes,False,3.0715352369694915,False,True
0,1,0,46.0,0,0,79.2,First,man,True,B,Cherbourg,no,True,4.384523514872469,False,False
0,2,0,16.0,0,0,26.0,Second,man,True,Unknown,Southampton,no,True,3.295836866004329,False,True
0,1,0,28.0,0,0,30.6958,First,man,True,Unknown,Cherbourg,no,True,3.4561841799918147,False,False
0,3,0,25.0,0,0,7.8958,Third,man,True,Unknown,Southampton,no,True,2.1855792552411137,False,True
0,2,0,39.0,0,0,13.0,Second,man,True,Unknown,Southampton,no,True,2.6390573296152584,False,True
1,1,1,49.0,0,0,25.9292,First,woman,False,D,Southampton,yes,True,3.2932111997353943,False,True
1,3,1,31.0,0,0,8.6833,Third,woman,False,Unknown,Southampton,yes,True,2.270402752283094,False,True
0,3,0,30.0,0,0,7.2292,Third,man,True,Unknown,Cherbourg,no,True,2.1076888046179385,False,False
0,3,1,30.0,1,1,24.15,Third,woman,False,Unknown,Southampton,no,False,3.224857896545748,False,True
1,2,1,31.0,1,1,26.25,Second,woman,False,Unknown,Southampton,yes,False,3.305053521109253,False,True
1,1,0,11.0,1,2,120.0,First,child,False,B,Southampton,yes,False,4.795790545596741,False,True
1,3,0,0.42,0,1,8.5167,Third,child,False,Unknown,Cherbourg,yes,False,2.2530481500547457,False,False
1,3,0,27.0,0,0,6.975,Third,man,True,Unknown,Southampton,yes,True,2.076311648670908,False,True
0,3,0,31.0,0,0,7.775,Third,man,True,Unknown,Southampton,no,True,2.1719067693519296,False,True
0,1,0,39.0,0,0,0.0,First,man,True,A,Southampton,no,True,0.0,False,True
0,3,1,18.0,0,0,7.775,Third,woman,False,Unknown,Southampton,no,True,2.1719067693519296,False,True
1,1,1,33.0,1,0,53.1,First,woman,False,E,Southampton,yes,False,3.9908341858524357,False,True
0,3,0,26.0,0,0,7.8875,Third,man,True,Unknown,Southampton,no,True,2.184645795129359,False,True
0,3,0,39.0,0,0,24.15,Third,man,True,Unknown,Southampton,no,True,3.224857896545748,False,True
0,2,0,35.0,0,0,10.5,Second,man,True,Unknown,Southampton,no,True,2.4423470353692043,False,True
0,3,1,6.0,4,2,31.275,Third,child,False,Unknown,Southampton,no,False,3.4742929367327062,False,True
0,3,0,30.5,0,0,8.05,Third,man,True,Unknown,Southampton,no,True,2.2027647577118348,False,True
0,1,0,28.0,0,0,0.0,First,man,True,B,Southampton,no,True,0.0,False,True
0,3,1,23.0,0,0,7.925,Third,woman,False,Unknown,Southampton,no,True,2.188856327665703,False,True
0,2,0,31.0,1,1,37.0042,Second,man,True,Unknown,Cherbourg,no,False,3.637696679934592,False,False
0,3,0,43.0,0,0,6.45,Third,man,True,Unknown,Southampton,no,True,2.0082140323914683,False,True
0,3,0,10.0,3,2,27.9,Third,child,False,Unknown,Southampton,no,False,3.3638415951183864,False,True
1,1,1,52.0,1,1,93.5,First,woman,False,B,Southampton,yes,False,4.548599834499697,False,True
1,3,0,27.0,0,0,8.6625,Third,man,True,Unknown,Southampton,yes,True,2.2682524139135403,False,True
0,1,0,38.0,0,0,0.0,First,man,True,Unknown,Southampton,no,True,0.0,False,True
1,3,1,27.0,0,1,12.475,Third,woman,False,E,Southampton,yes,False,2.600836116795061,False,True
0,3,0,2.0,4,1,39.6875,Third,child,False,Unknown,Southampton,no,False,3.705920919968788,False,True
0,3,0,28.0,0,0,6.95,Third,man,True,Unknown,Queenstown,no,True,2.0731719286662407,True,False
1,2,0,1.0,0,2,37.0042,Second,child,False,Unknown,Cherbourg,yes,False,3.637696679934592,False,False
1,3,0,28.0,0,0,7.75,Third,man,True,Unknown,Queenstown,yes,True,2.169053700369523,True,False
1,1,1,62.0,0,0,80.0,First,woman,False,B,Southampton,yes,True,4.394449154672439,False,True
1,3,1,15.0,1,0,14.4542,Third,child,False,Unknown,Cherbourg,yes,False,2.737880811060884,False,False
1,2,0,0.83,1,1,18.75,Second,child,False,Unknown,Southampton,yes,False,2.9831534913471307,False,True
0,3,0,23.0,0,0,7.8542,Third,man,True,Unknown,Southampton,no,True,2.180891922715322,False,True
0,3,0,18.0,0,0,8.3,Third,man,True,Unknown,Southampton,no,True,2.2300144001592104,False,True
1,1,1,39.0,1,1,83.1583,First,woman,False,E,Cherbourg,yes,False,4.432699549165613,False,False
0,3,0,21.0,0,0,8.6625,Third,man,True,Unknown,Southampton,no,True,2.2682524139135403,False,True
1,1,0,28.0,0,0,29.7,First,man,True,C,Cherbourg,yes,True,3.4242626545931514,False,False
0,3,0,20.0,0,0,7.925,Third,man,True,Unknown,Southampton,no,True,2.188856327665703,False,True
0,2,0,16.0,0,0,10.5,Second,man,True,Unknown,Southampton,no,True,2.4423470353692043,False,True
1,1,1,30.0,0,0,31.0,First,woman,False,Unknown,Cherbourg,yes,True,3.4657359027997265,False,False
0,3,0,34.5,0,0,6.4375,Third,man,True,Unknown,Cherbourg,no,True,2.006534770871748,False,False
0,3,0,42.0,0,0,7.55,Third,man,True,Unknown,Southampton,no,True,2.145931282948669,False,True
0,3,0,35.0,0,0,7.8958,Third,man,True,Unknown,Cherbourg,no,True,2.1855792552411137,False,False
0,2,0,28.0,0,1,33.0,Second,man,True,Unknown,Southampton,no,False,3.5263605246161616,False,True
1,1,1,28.0,1,0,89.1042,First,woman,False,C,Cherbourg,yes,False,4.500966778400217,False,False
0,3,0,4.0,4,2,31.275,Third,child,False,Unknown,Southampton,no,False,3.4742929367327062,False,True
0,3,0,74.0,0,0,7.775,Third,man,True,Unknown,Southampton,no,True,2.1719067693519296,False,True
0,3,1,9.0,1,1,15.2458,Third,child,False,Unknown,Cherbourg,no,False,2.7878344138303452,False,False
1,1,1,16.0,0,1,39.4,First,woman,False,D,Southampton,yes,False,3.6988297849671046,False,True
0,2,1,44.0,1,0,26.0,Second,woman,False,Unknown,Southampton,no,False,3.295836866004329,False,True
1,3,1,18.0,0,1,9.35,Third,woman,False,Unknown,Southampton,yes,False,2.336986519711378,False,True
1,1,1,45.0,1,1,164.8667,First,woman,False,Unknown,Southampton,yes,False,5.11118445372147,False,True
1,1,0,51.0,0,0,26.55,First,man,True,E,Southampton,yes,True,3.3160025355989236,False,True
1,3,1,24.0,0,3,19.2583,Third,woman,False,Unknown,Cherbourg,yes,False,3.0085645861193133,False,False
0,3,0,41.0,2,0,14.1083,Third,man,True,Unknown,Southampton,no,False,2.7152442616824506,False,True
0,2,0,21.0,1,0,11.5,Second,man,True,Unknown,Southampton,no,False,2.5257286443082556,False,True
1,1,1,48.0,0,0,25.9292,First,woman,False,D,Southampton,yes,True,3.2932111997353943,False,True
0,2,0,24.0,0,0,13.0,Second,man,True,Unknown,Southampton,no,True,2.6390573296152584,False,True
1,2,1,42.0,0,0,13.0,Second,woman,False,Unknown,Southampton,yes,True,2.6390573296152584,False,True
1,2,1,27.0,1,0,13.8583,Second,woman,False,Unknown,Cherbourg,yes,False,2.698558631668595,False,False
0,1,0,31.0,0,0,50.4958,First,man,True,A,Southampton,no,True,3.941500250945973,False,True
1,3,0,4.0,1,1,11.1333,Third,child,False,Unknown,Southampton,yes,False,2.495953738718064,False,True
1,1,1,47.0,1,1,52.5542,First,woman,False,D,Southampton,yes,False,3.9806942251907276,False,True
0,1,0,33.0,0,0,5.0,First,man,True,B,Southampton,no,True,1.791759469228055,False,True
0,3,0,47.0,0,0,9.0,Third,man,True,Unknown,Southampton,no,True,2.302585092994046,False,True
1,2,1,28.0,1,0,24.0,Second,woman,False,Unknown,Cherbourg,yes,False,3.2188758248682006,False,False
1,3,1,15.0,0,0,7.225,Third,child,False,Unknown,Cherbourg,yes,True,2.1071782966514356,False,False
0,3,0,20.0,0,0,9.8458,Third,man,True,Unknown,Southampton,no,True,2.3837779082709782,False,True
1,1,1,56.0,0,1,83.1583,First,woman,False,C,Cherbourg,yes,False,4.432699549165613,False,False
1,2,1,25.0,0,1,26.0,Second,woman,False,Unknown,Southampton,yes,False,3.295836866004329,False,True
0,3,0,33.0,0,0,7.8958,Third,man,True,Unknown,Southampton,no,True,2.1855792552411137,False,True
0,3,1,22.0,0,0,10.5167,Third,woman,False,Unknown,Southampton,no,True,2.4437981558973862,False,True
0,2,0,28.0,0,0,10.5,Second,man,True,Unknown,Southampton,no,True,2.4423470353692043,False,True
0,3,1,39.0,0,5,29.125,Third,woman,False,Unknown,Queenstown,no,False,3.405355391810819,True,False
1,1,1,19.0,0,0,30.0,First,woman,False,B,Southampton,yes,True,3.4339872044851463,False,True
0,3,1,28.0,1,2,23.45,Third,woman,False,Unknown,Southampton,no,False,3.196630215920881,False,True
1,1,0,26.0,0,0,30.0,First,man,True,C,Cherbourg,yes,True,3.4339872044851463,False,False
0,3,0,32.0,0,0,7.75,Third,man,True,Unknown,Queenstown,no,True,2.169053700369523,True,False
